net,ref,pin
GND,U1A,14
GND,U1B,1
GND,U1B,7
GND,U2,1
GND,U3A,2
GND,J20,19
GND,J20,20
GND,J21,3
GND,J22,3
GND,U4A,1
GND,U5A,2
GND,J1,3
GND,J2,3
GND,J3,2
GND,J4,2
GND,J5,2
GND,J16,2
GND,R4,2
GND,D1,2
GND,C2,2
GND,C3,2
GND,C1,2
+3V3,U1A,1
+3V3,U2,2
+3V3,U3A,3
+3V3,U4A,4
+3V3,U5A,1
+3V3,J1,1
+3V3,J2,1
+3V3,J16,1
+3V3,R1,2
+3V3,R2,2
+3V3,R3,2
+3V3,C2,1
+5V,U1A,19
+5V,J20,17
+5V,J20,18
+5V,J21,2
+5V,J22,2
+5V,F1,2
+5V,D3,1
+5V,D1,1
+5V,C3,1
+5V,C1,1
5V_IN,J5,1
5V_IN,F1,1
LED5_K,D3,2
LED5_K,R4,1
+12V,J6,1
+12V,D4,1
+12V,D2,1
+12V,F2,1
+12V,F2,2
+12V,F3,1
+12V,F4,1
+12V,F5,1
+12V,F6,1
+12V,F7,1
+12V,F8,1
GND12,J6,2
GND12,J7,2
GND12,J8,2
GND12,J9,2
GND12,J10,2
GND12,J11,2
GND12,J12,2
GND12,J13,2
GND12,R5,2
GND12,D2,2
LED12_K,D4,2
LED12_K,R5,1
PUMP_12V,J7,1
PUMP_12V,F2,3
PUMP_12V,F2,4
V1_12V,J8,1
V1_12V,F3,2
V2_12V,J9,1
V2_12V,F4,2
V3_12V,J10,1
V3_12V,F5,2
V4_12V,J11,1
V4_12V,F6,2
V5_12V,J12,1
V5_12V,F7,2
V6_12V,J13,1
V6_12V,F8,2
DHT1_DATA,U1B,13
DHT1_DATA,J1,2
DHT1_DATA,R1,1
DHT2_DATA,U1B,6
DHT2_DATA,J2,2
DHT2_DATA,R2,1
FLOAT_LOW,U1B,8
FLOAT_LOW,J3,1
FLOAT_HIGH,U1B,12
FLOAT_HIGH,J4,1
OLED_SCLK,U1B,9
OLED_SCLK,U2,3
OLED_MOSI,U1B,2
OLED_MOSI,U2,4
OLED_RST,U1A,8
OLED_RST,U2,5
OLED_DC,U1A,12
OLED_DC,U2,6
OLED_CS,U1A,11
OLED_CS,U2,7
SR_EN,U1A,10
SR_EN,U3A,1
SR_EN,R3,1
SR_DATA,U1A,7
SR_DATA,U3A,4
SR_LATCH,U1A,9
SR_LATCH,U3A,5
SR_CLK,U1B,3
SR_CLK,U3A,6
HX_DT,U1A,6
HX_DT,U4A,2
HX_SCK,U1A,15
HX_SCK,U4A,3
LC_EP,U4B,1
LC_EP,J14,1
LC_EM,U4B,2
LC_EM,J14,2
LC_AM,U4B,3
LC_AM,J14,3
LC_AP,U4B,4
LC_AP,J14,4
RAIN_DO,U1B,11
RAIN_DO,U5A,3
RAIN_AO,U1A,5
RAIN_AO,U5A,4
RAIN_P1,U5B,1
RAIN_P1,J15,1
RAIN_P2,U5B,2
RAIN_P2,J15,2
SPARE_IO36,U1A,3
SPARE_IO36,J16,3
SPARE_IO39,U1A,4
SPARE_IO39,J16,4
RELAY_PWR_EN,U1B,15
RELAY_PWR_EN,J22,1
RLY_IN1,U3C,1
RLY_IN1,J20,1
RLY_IN2,U3C,2
RLY_IN2,J20,2
RLY_IN3,U3C,3
RLY_IN3,J20,3
RLY_IN4,U3C,4
RLY_IN4,J20,4
RLY_IN5,U3C,5
RLY_IN5,J20,5
RLY_IN6,U3C,6
RLY_IN6,J20,6
RLY_IN7,U3C,7
RLY_IN7,J20,7
RLY_IN8,U3C,8
RLY_IN8,J20,8
RLY_IN9,U3C,9
RLY_IN9,J20,9
RLY_IN10,U3C,10
RLY_IN10,J20,10
RLY_IN11,U3C,11
RLY_IN11,J20,11
RLY_IN12,U3C,12
RLY_IN12,J20,12
RLY_IN13,U3C,13
RLY_IN13,J20,13
RLY_IN14,U3C,14
RLY_IN14,J20,14
RLY_IN15,U3C,15
RLY_IN15,J20,15
RLY_IN16,U3C,16
RLY_IN16,J20,16
RLY_IN17,U3C,17
RLY_IN17,J21,1
